{"cameraMode":{"drawMode":0,"name":"Shaded","section":"Shading Mode"},"sceneLighting":false,"audioPlay":false,"sceneViewState":{"m_AlwaysRefresh":false,"showFog":true,"showSkybox":false,"showFlares":true,"showImageEffects":true,"showParticleSystems":true,"showVisualEffectGraphs":true,"m_FxEnabled":true},"in2DMode":false,"pivot":{"x":-0.7327156066894531,"y":12.474822998046875,"z":-0.8335311412811279},"rotation":{"x":0.023997720330953599,"y":-0.0014995761448517442,"z":0.00003600545460358262,"w":0.9997121691703796},"size":33.092674255371097,"orthographic":false}